"Directory","Name"
"C:\Users\solve\Documents\GitHub\Repositoronomics\a","22q-deletion-syndrome.html"
"C:\Users\solve\Documents\GitHub\Repositoronomics\a","32p.html"
"C:\Users\solve\Documents\GitHub\Repositoronomics\a","35s.html"
"C:\Users\solve\Documents\GitHub\Repositoronomics\a","5s-ribosomal-rna.html"
"C:\Users\solve\Documents\GitHub\Repositoronomics\a","8m-urea.html"
"C:\Users\solve\Documents\GitHub\Repositoronomics\a","a-b-testing.html"
"C:\Users\solve\Documents\GitHub\Repositoronomics\a","a2d-page.html"
"C:\Users\solve\Documents\GitHub\Repositoronomics\a","ab-initio.html"
"C:\Users\solve\Documents\GitHub\Repositoronomics\a","aba-abscisic-acid.html"
"C:\Users\solve\Documents\GitHub\Repositoronomics\a","abbe-number.html"
"C:\Users\solve\Documents\GitHub\Repositoronomics\a","absolute-electrode-potential.html"
"C:\Users\solve\Documents\GitHub\Repositoronomics\a","absolute-humidity.html"
"C:\Users\solve\Documents\GitHub\Repositoronomics\a","absolute-zero.html"
"C:\Users\solve\Documents\GitHub\Repositoronomics\a","absorber.html"
"C:\Users\solve\Documents\GitHub\Repositoronomics\a","absorption-spectrum.html"
"C:\Users\solve\Documents\GitHub\Repositoronomics\a","absorption.html"
"C:\Users\solve\Documents\GitHub\Repositoronomics\a","absorptivity.html"
"C:\Users\solve\Documents\GitHub\Repositoronomics\a","abstraction.html"
"C:\Users\solve\Documents\GitHub\Repositoronomics\a","acceleration-due-to-gravity.html"
"C:\Users\solve\Documents\GitHub\Repositoronomics\a","acceleration.html"
"C:\Users\solve\Documents\GitHub\Repositoronomics\a","accelerator.html"
"C:\Users\solve\Documents\GitHub\Repositoronomics\a","accelerometer.html"
"C:\Users\solve\Documents\GitHub\Repositoronomics\a","access-point.html"
"C:\Users\solve\Documents\GitHub\Repositoronomics\a","accounting.html"
"C:\Users\solve\Documents\GitHub\Repositoronomics\a","accumulator.html"
"C:\Users\solve\Documents\GitHub\Repositoronomics\a","ace2.html"
"C:\Users\solve\Documents\GitHub\Repositoronomics\a","acetylcholine-receptor.html"
"C:\Users\solve\Documents\GitHub\Repositoronomics\a","acetylcholine.html"
"C:\Users\solve\Documents\GitHub\Repositoronomics\a","achromatopsia.html"
"C:\Users\solve\Documents\GitHub\Repositoronomics\a","acinetobacter-baumannii.html"
"C:\Users\solve\Documents\GitHub\Repositoronomics\a","acoustic-neuroma.html"
"C:\Users\solve\Documents\GitHub\Repositoronomics\a","acoustics.html"
"C:\Users\solve\Documents\GitHub\Repositoronomics\a","acrylamide-gel.html"
"C:\Users\solve\Documents\GitHub\Repositoronomics\a","act.html"
"C:\Users\solve\Documents\GitHub\Repositoronomics\a","action-potential-amplitude.html"
"C:\Users\solve\Documents\GitHub\Repositoronomics\a","action-potential.html"
"C:\Users\solve\Documents\GitHub\Repositoronomics\a","activation-energy.html"
"C:\Users\solve\Documents\GitHub\Repositoronomics\a","activation.html"
"C:\Users\solve\Documents\GitHub\Repositoronomics\a","active-directory.html"
"C:\Users\solve\Documents\GitHub\Repositoronomics\a","active-site.html"
"C:\Users\solve\Documents\GitHub\Repositoronomics\a","activity-dependent-plasticity.html"
"C:\Users\solve\Documents\GitHub\Repositoronomics\a","acute-phase-protein.html"
"C:\Users\solve\Documents\GitHub\Repositoronomics\a","adaptation.html"
"C:\Users\solve\Documents\GitHub\Repositoronomics\a","address-resolution-protocol.html"
"C:\Users\solve\Documents\GitHub\Repositoronomics\a","adenine.html"
"C:\Users\solve\Documents\GitHub\Repositoronomics\a","adhesion-molecule.html"
"C:\Users\solve\Documents\GitHub\Repositoronomics\a","adipocyte.html"
"C:\Users\solve\Documents\GitHub\Repositoronomics\a","adjuvant.html"
"C:\Users\solve\Documents\GitHub\Repositoronomics\a","adrenaline.html"
"C:\Users\solve\Documents\GitHub\Repositoronomics\a","adsl.html"
"C:\Users\solve\Documents\GitHub\Repositoronomics\a","adsorption.html"
"C:\Users\solve\Documents\GitHub\Repositoronomics\a","advanced-persistent-threat.html"
"C:\Users\solve\Documents\GitHub\Repositoronomics\a","aerobic-respiration.html"
"C:\Users\solve\Documents\GitHub\Repositoronomics\a","afferent-neuron.html"
"C:\Users\solve\Documents\GitHub\Repositoronomics\a","agglutination.html"
"C:\Users\solve\Documents\GitHub\Repositoronomics\a","agile.html"
"C:\Users\solve\Documents\GitHub\Repositoronomics\a","agonist.html"
"C:\Users\solve\Documents\GitHub\Repositoronomics\a","aiops.html"
"C:\Users\solve\Documents\GitHub\Repositoronomics\a","algorithm.html"
"C:\Users\solve\Documents\GitHub\Repositoronomics\a","allele.html"
"C:\Users\solve\Documents\GitHub\Repositoronomics\a","allosteric-modulation.html"
"C:\Users\solve\Documents\GitHub\Repositoronomics\a","alpha-helix.html"
"C:\Users\solve\Documents\GitHub\Repositoronomics\a","alternative-splicing.html"
"C:\Users\solve\Documents\GitHub\Repositoronomics\a","amino-acid.html"
"C:\Users\solve\Documents\GitHub\Repositoronomics\a","amplification.html"
"C:\Users\solve\Documents\GitHub\Repositoronomics\a","amplifier.html"
"C:\Users\solve\Documents\GitHub\Repositoronomics\a","amyloid.html"
"C:\Users\solve\Documents\GitHub\Repositoronomics\a","anaerobic-respiration.html"
"C:\Users\solve\Documents\GitHub\Repositoronomics\a","analytics.html"
"C:\Users\solve\Documents\GitHub\Repositoronomics\a","anaplerotic-reaction.html"
"C:\Users\solve\Documents\GitHub\Repositoronomics\a","androgen.html"
"C:\Users\solve\Documents\GitHub\Repositoronomics\a","android.html"
"C:\Users\solve\Documents\GitHub\Repositoronomics\a","anion-exchanger.html"
"C:\Users\solve\Documents\GitHub\Repositoronomics\a","anion-gap.html"
"C:\Users\solve\Documents\GitHub\Repositoronomics\a","antagonist.html"
"C:\Users\solve\Documents\GitHub\Repositoronomics\a","antibody.html"
"C:\Users\solve\Documents\GitHub\Repositoronomics\a","antigen.html"
"C:\Users\solve\Documents\GitHub\Repositoronomics\a","antioxidant.html"
"C:\Users\solve\Documents\GitHub\Repositoronomics\a","antivirus.html"
"C:\Users\solve\Documents\GitHub\Repositoronomics\a","api.html"
"C:\Users\solve\Documents\GitHub\Repositoronomics\a","apoptosis.html"
"C:\Users\solve\Documents\GitHub\Repositoronomics\a","application-layer.html"
"C:\Users\solve\Documents\GitHub\Repositoronomics\a","aptamer.html"
"C:\Users\solve\Documents\GitHub\Repositoronomics\a","architecture.html"
"C:\Users\solve\Documents\GitHub\Repositoronomics\a","aromatic-amino-acid.html"
"C:\Users\solve\Documents\GitHub\Repositoronomics\a","artificial-intelligence.html"
"C:\Users\solve\Documents\GitHub\Repositoronomics\a","asset-management.html"
"C:\Users\solve\Documents\GitHub\Repositoronomics\a","astrocyte.html"
"C:\Users\solve\Documents\GitHub\Repositoronomics\a","atp-adenosine-triphosphate.html"
"C:\Users\solve\Documents\GitHub\Repositoronomics\a","attenuation.html"
"C:\Users\solve\Documents\GitHub\Repositoronomics\a","authentication.html"
"C:\Users\solve\Documents\GitHub\Repositoronomics\a","authorization.html"
"C:\Users\solve\Documents\GitHub\Repositoronomics\a","autocrine-signaling.html"
"C:\Users\solve\Documents\GitHub\Repositoronomics\a","autoradiography.html"
"C:\Users\solve\Documents\GitHub\Repositoronomics\a","availability.html"
"C:\Users\solve\Documents\GitHub\Repositoronomics\a","axonal-transport.html"
"C:\Users\solve\Documents\GitHub\Repositoronomics\a","azide.html"
"C:\Users\solve\Documents\GitHub\Repositoronomics\a","azospirillum.html"
"C:\Users\solve\Documents\GitHub\Repositoronomics\a","azotobacter.html"
"C:\Users\solve\Documents\GitHub\Repositoronomics\a","aztreonam.html"
"C:\Users\solve\Documents\GitHub\Repositoronomics\a","azure.html"
"C:\Users\solve\Documents\GitHub\Repositoronomics\a","azurin.html"
"C:\Users\solve\Documents\GitHub\Repositoronomics\a","backbone.html"
"C:\Users\solve\Documents\GitHub\Repositoronomics\a","bandwidth.html"
"C:\Users\solve\Documents\GitHub\Repositoronomics\a","biometrics.html"
"C:\Users\solve\Documents\GitHub\Repositoronomics\a","blacklist.html"
"C:\Users\solve\Documents\GitHub\Repositoronomics\a","blockchain.html"
"C:\Users\solve\Documents\GitHub\Repositoronomics\a","bluetooth.html"
"C:\Users\solve\Documents\GitHub\Repositoronomics\a","botnet.html"
"C:\Users\solve\Documents\GitHub\Repositoronomics\a","bring-your-own-device.html"
"C:\Users\solve\Documents\GitHub\Repositoronomics\a","broadband.html"
"C:\Users\solve\Documents\GitHub\Repositoronomics\a","browser-extension.html"
"C:\Users\solve\Documents\GitHub\Repositoronomics\a","browser.html"
"C:\Users\solve\Documents\GitHub\Repositoronomics\a","buffer.html"
"C:\Users\solve\Documents\GitHub\Repositoronomics\a","bug.html"
"C:\Users\solve\Documents\GitHub\Repositoronomics\a","business-continuity.html"
"C:\Users\solve\Documents\GitHub\Repositoronomics\a","business-intelligence.html"
"C:\Users\solve\Documents\GitHub\Repositoronomics\a","business-process-automation.html"
"C:\Users\solve\Documents\GitHub\Repositoronomics\a","business-to-business.html"
"C:\Users\solve\Documents\GitHub\Repositoronomics\a","business-to-consumer.html"
"C:\Users\solve\Documents\GitHub\Repositoronomics\a","byte.html"
"C:\Users\solve\Documents\GitHub\Repositoronomics\a","cable-modem.html"
"C:\Users\solve\Documents\GitHub\Repositoronomics\a","cache.html"
"C:\Users\solve\Documents\GitHub\Repositoronomics\a","captive-portal.html"
"C:\Users\solve\Documents\GitHub\Repositoronomics\a","cellular.html"
"C:\Users\solve\Documents\GitHub\Repositoronomics\a","certificate-authority.html"
"C:\Users\solve\Documents\GitHub\Repositoronomics\a","channel-bonding.html"
"C:\Users\solve\Documents\GitHub\Repositoronomics\a","churn.html"
"C:\Users\solve\Documents\GitHub\Repositoronomics\a","circuit-switching.html"
"C:\Users\solve\Documents\GitHub\Repositoronomics\a","client-server.html"
"C:\Users\solve\Documents\GitHub\Repositoronomics\a","cloud-computing.html"
"C:\Users\solve\Documents\GitHub\Repositoronomics\a","cloud-storage.html"
"C:\Users\solve\Documents\GitHub\Repositoronomics\a","coaxial-cable.html"
"C:\Users\solve\Documents\GitHub\Repositoronomics\a","collocation.html"
"C:\Users\solve\Documents\GitHub\Repositoronomics\a","colocation.html"
"C:\Users\solve\Documents\GitHub\Repositoronomics\a","communications-platform-as-a-service.html"
"C:\Users\solve\Documents\GitHub\Repositoronomics\a","communications-protocol.html"
"C:\Users\solve\Documents\GitHub\Repositoronomics\a","communications-service-provider.html"
"C:\Users\solve\Documents\GitHub\Repositoronomics\a","communications.html"
"C:\Users\solve\Documents\GitHub\Repositoronomics\a","companding.html"
"C:\Users\solve\Documents\GitHub\Repositoronomics\a","compliance.html"
"C:\Users\solve\Documents\GitHub\Repositoronomics\a","compression.html"
"C:\Users\solve\Documents\GitHub\Repositoronomics\a","computer-network.html"
"C:\Users\solve\Documents\GitHub\Repositoronomics\a","computer-telephony-integration.html"
"C:\Users\solve\Documents\GitHub\Repositoronomics\a","conference-bridge.html"
"C:\Users\solve\Documents\GitHub\Repositoronomics\a","connectivity.html"
"C:\Users\solve\Documents\GitHub\Repositoronomics\a","console-server.html"
"C:\Users\solve\Documents\GitHub\Repositoronomics\a","content-delivery-network.html"
"C:\Users\solve\Documents\GitHub\Repositoronomics\a","content-filtering.html"
"C:\Users\solve\Documents\GitHub\Repositoronomics\a","convergence.html"
"C:\Users\solve\Documents\GitHub\Repositoronomics\a","cookie.html"
"C:\Users\solve\Documents\GitHub\Repositoronomics\a","core-network.html"
"C:\Users\solve\Documents\GitHub\Repositoronomics\a","customer-premises-equipment.html"
"C:\Users\solve\Documents\GitHub\Repositoronomics\a","cybersecurity.html"
"C:\Users\solve\Documents\GitHub\Repositoronomics\a","cyberspace.html"
"C:\Users\solve\Documents\GitHub\Repositoronomics\a","cybersquatting.html"
"C:\Users\solve\Documents\GitHub\Repositoronomics\a","cyberthreat.html"
"C:\Users\solve\Documents\GitHub\Repositoronomics\a","cyberwarfare.html"
"C:\Users\solve\Documents\GitHub\Repositoronomics\a","data-center.html"
"C:\Users\solve\Documents\GitHub\Repositoronomics\a","data-encryption.html"
"C:\Users\solve\Documents\GitHub\Repositoronomics\a","data-lake.html"
"C:\Users\solve\Documents\GitHub\Repositoronomics\a","data-mining.html"
"C:\Users\solve\Documents\GitHub\Repositoronomics\a","data-mobility.html"
"C:\Users\solve\Documents\GitHub\Repositoronomics\a","data-privacy.html"
"C:\Users\solve\Documents\GitHub\Repositoronomics\a","data-protection.html"
"C:\Users\solve\Documents\GitHub\Repositoronomics\a","data-recovery.html"
"C:\Users\solve\Documents\GitHub\Repositoronomics\a","data-retention.html"
"C:\Users\solve\Documents\GitHub\Repositoronomics\a","data-sovereignty.html"
"C:\Users\solve\Documents\GitHub\Repositoronomics\a","data-visualization.html"
"C:\Users\solve\Documents\GitHub\Repositoronomics\a","database.html"
"C:\Users\solve\Documents\GitHub\Repositoronomics\a","ddos.html"
"C:\Users\solve\Documents\GitHub\Repositoronomics\a","dedicated-internet-access.html"
"C:\Users\solve\Documents\GitHub\Repositoronomics\a","deep-packet-inspection.html"
"C:\Users\solve\Documents\GitHub\Repositoronomics\a","demarcation-point.html"
"C:\Users\solve\Documents\GitHub\Repositoronomics\a","denial-of-service.html"
"C:\Users\solve\Documents\GitHub\Repositoronomics\a","dhcp.html"
"C:\Users\solve\Documents\GitHub\Repositoronomics\a","dial-tone.html"
"C:\Users\solve\Documents\GitHub\Repositoronomics\a","digital-subscriber-line.html"
"C:\Users\solve\Documents\GitHub\Repositoronomics\a","direct-inward-dialing.html"
"C:\Users\solve\Documents\GitHub\Repositoronomics\a","direct-private-line.html"
"C:\Users\solve\Documents\GitHub\Repositoronomics\a","disaster-recovery.html"
"C:\Users\solve\Documents\GitHub\Repositoronomics\a","distributed-computing.html"
"C:\Users\solve\Documents\GitHub\Repositoronomics\a","dns.html"
"C:\Users\solve\Documents\GitHub\Repositoronomics\a","domain-controller.html"
"C:\Users\solve\Documents\GitHub\Repositoronomics\a","domain-name.html"
"C:\Users\solve\Documents\GitHub\Repositoronomics\a","dos.html"
"C:\Users\solve\Documents\GitHub\Repositoronomics\a","downlink.html"
"C:\Users\solve\Documents\GitHub\Repositoronomics\a","dsl.html"
"C:\Users\solve\Documents\GitHub\Repositoronomics\a","dual-homed.html"
"C:\Users\solve\Documents\GitHub\Repositoronomics\a","duplex.html"
"C:\Users\solve\Documents\GitHub\Repositoronomics\a","dynamic-host-configuration-protocol.html"
"C:\Users\solve\Documents\GitHub\Repositoronomics\a","dynamic-routing.html"
"C:\Users\solve\Documents\GitHub\Repositoronomics\a","edge-computing.html"
"C:\Users\solve\Documents\GitHub\Repositoronomics\a","edge-router.html"
"C:\Users\solve\Documents\GitHub\Repositoronomics\a","egress.html"
"C:\Users\solve\Documents\GitHub\Repositoronomics\a","elasticity.html"
"C:\Users\solve\Documents\GitHub\Repositoronomics\a","email-hosting.html"
"C:\Users\solve\Documents\GitHub\Repositoronomics\a","encryption.html"
"C:\Users\solve\Documents\GitHub\Repositoronomics\a","endpoint.html"
"C:\Users\solve\Documents\GitHub\Repositoronomics\a","ethernet-over-copper.html"
"C:\Users\solve\Documents\GitHub\Repositoronomics\a","ethernet-over-dsl.html"
"C:\Users\solve\Documents\GitHub\Repositoronomics\a","ethernet-over-eoc.html"
"C:\Users\solve\Documents\GitHub\Repositoronomics\a","ethernet-over-fiber.html"
"C:\Users\solve\Documents\GitHub\Repositoronomics\a","ethernet-over-gpon.html"
"C:\Users\solve\Documents\GitHub\Repositoronomics\a","ethernet-over-gshdsl.html"
"C:\Users\solve\Documents\GitHub\Repositoronomics\a","ethernet-over-hfc.html"
"C:\Users\solve\Documents\GitHub\Repositoronomics\a","ethernet-over-mpls.html"
"C:\Users\solve\Documents\GitHub\Repositoronomics\a","ethernet-over-pdh.html"
"C:\Users\solve\Documents\GitHub\Repositoronomics\a","ethernet-over-pots.html"
"C:\Users\solve\Documents\GitHub\Repositoronomics\a","ethernet-over-satellite.html"
"C:\Users\solve\Documents\GitHub\Repositoronomics\a","ethernet-over-sdh.html"
"C:\Users\solve\Documents\GitHub\Repositoronomics\a","ethernet-over-shdsl.html"
"C:\Users\solve\Documents\GitHub\Repositoronomics\a","ethernet-over-sonet-sdh.html"
"C:\Users\solve\Documents\GitHub\Repositoronomics\a","ethernet-over-sonet.html"
"C:\Users\solve\Documents\GitHub\Repositoronomics\a","ethernet-over-t1.html"
"C:\Users\solve\Documents\GitHub\Repositoronomics\a","ethernet-over-vdsl.html"
"C:\Users\solve\Documents\GitHub\Repositoronomics\a","ethernet-over-vpn.html"
"C:\Users\solve\Documents\GitHub\Repositoronomics\a","ethernet-over-wdm.html"
"C:\Users\solve\Documents\GitHub\Repositoronomics\a","ethernet-over-wimax.html"
"C:\Users\solve\Documents\GitHub\Repositoronomics\a","ethernet-over-wireless.html"
"C:\Users\solve\Documents\GitHub\Repositoronomics\a","ethernet-over-xdsl-bonding.html"
"C:\Users\solve\Documents\GitHub\Repositoronomics\a","ethernet-over-xgpon.html"
"C:\Users\solve\Documents\GitHub\Repositoronomics\a","ethernet-over-xgs-pon.html"
"C:\Users\solve\Documents\GitHub\Repositoronomics\a","ethernet-over-xpon.html"
"C:\Users\solve\Documents\GitHub\Repositoronomics\a","ethernet-over-zdsl.html"
"C:\Users\solve\Documents\GitHub\Repositoronomics\a","ethernet-private-line.html"
"C:\Users\solve\Documents\GitHub\Repositoronomics\a","ethernet-ring-protection.html"
"C:\Users\solve\Documents\GitHub\Repositoronomics\a","ethernet-services.html"
"C:\Users\solve\Documents\GitHub\Repositoronomics\a","ethernet-switch.html"
"C:\Users\solve\Documents\GitHub\Repositoronomics\a","ethernet-virtual-private-line.html"
"C:\Users\solve\Documents\GitHub\Repositoronomics\a","ethernet-vlan.html"
"C:\Users\solve\Documents\GitHub\Repositoronomics\a","ethernet-vpls.html"
"C:\Users\solve\Documents\GitHub\Repositoronomics\a","ethernet-vpn.html"
"C:\Users\solve\Documents\GitHub\Repositoronomics\a","ethernet-vxlan.html"
"C:\Users\solve\Documents\GitHub\Repositoronomics\a","ethernet-wan.html"
"C:\Users\solve\Documents\GitHub\Repositoronomics\a","ethernet-wireless-bridge.html"
"C:\Users\solve\Documents\GitHub\Repositoronomics\a","ethernet-wireless.html"
"C:\Users\solve\Documents\GitHub\Repositoronomics\a","ethernet-xdsl.html"
"C:\Users\solve\Documents\GitHub\Repositoronomics\a","ethernet-xtreme.html"
"C:\Users\solve\Documents\GitHub\Repositoronomics\a","ethernet.html"
"C:\Users\solve\Documents\GitHub\Repositoronomics\a","etherwave.html"
"C:\Users\solve\Documents\GitHub\Repositoronomics\a","event-correlation.html"
"C:\Users\solve\Documents\GitHub\Repositoronomics\a","event-driven-architecture.html"
"C:\Users\solve\Documents\GitHub\Repositoronomics\a","event-logging.html"
"C:\Users\solve\Documents\GitHub\Repositoronomics\a","event-management.html"
"C:\Users\solve\Documents\GitHub\Repositoronomics\a","event-monitoring.html"
"C:\Users\solve\Documents\GitHub\Repositoronomics\a","event-notification.html"
"C:\Users\solve\Documents\GitHub\Repositoronomics\a","event-processing.html"
"C:\Users\solve\Documents\GitHub\Repositoronomics\a","event-stream-processing.html"
"C:\Users\solve\Documents\GitHub\Repositoronomics\a","event-synchronization.html"
"C:\Users\solve\Documents\GitHub\Repositoronomics\a","event-tracing.html"
"C:\Users\solve\Documents\GitHub\Repositoronomics\a","exabyte.html"
"C:\Users\solve\Documents\GitHub\Repositoronomics\a","exascale-computing.html"
"C:\Users\solve\Documents\GitHub\Repositoronomics\a","exfiltration.html"
"C:\Users\solve\Documents\GitHub\Repositoronomics\a","expansion-slot.html"
"C:\Users\solve\Documents\GitHub\Repositoronomics\a","expedited-forwarding.html"
"C:\Users\solve\Documents\GitHub\Repositoronomics\a","exploit.html"
"C:\Users\solve\Documents\GitHub\Repositoronomics\a","extranet-access.html"
"C:\Users\solve\Documents\GitHub\Repositoronomics\a","extranet-gateway.html"
"C:\Users\solve\Documents\GitHub\Repositoronomics\a","extranet-security.html"
"C:\Users\solve\Documents\GitHub\Repositoronomics\a","extranet-vpn.html"
"C:\Users\solve\Documents\GitHub\Repositoronomics\a","extranet-web-portal.html"
"C:\Users\solve\Documents\GitHub\Repositoronomics\a","extranet-workgroup.html"
"C:\Users\solve\Documents\GitHub\Repositoronomics\a","extranet-zone.html"
"C:\Users\solve\Documents\GitHub\Repositoronomics\a","extranet.html"
"C:\Users\solve\Documents\GitHub\Repositoronomics\a","extranet.xml.html"
"C:\Users\solve\Documents\GitHub\Repositoronomics\a","extranetaccess.html"
"C:\Users\solve\Documents\GitHub\Repositoronomics\a","extranetapi.html"
"C:\Users\solve\Documents\GitHub\Repositoronomics\a","extranetcloud.html"
"C:\Users\solve\Documents\GitHub\Repositoronomics\a","extranetfirewall.html"
"C:\Users\solve\Documents\GitHub\Repositoronomics\a","extranethosting.html"
"C:\Users\solve\Documents\GitHub\Repositoronomics\a","extranethub.html"
"C:\Users\solve\Documents\GitHub\Repositoronomics\a","extranetmonitor.html"
"C:\Users\solve\Documents\GitHub\Repositoronomics\a","extranetproxy.html"
"C:\Users\solve\Documents\GitHub\Repositoronomics\a","extranetsso.html"
"C:\Users\solve\Documents\GitHub\Repositoronomics\a","extranetvpn.html"
"C:\Users\solve\Documents\GitHub\Repositoronomics\a","extranetwork.html"
"C:\Users\solve\Documents\GitHub\Repositoronomics\a","extranetworking.html"
"C:\Users\solve\Documents\GitHub\Repositoronomics\a","extranetzone.html"
"C:\Users\solve\Documents\GitHub\Repositoronomics\a","extrapolate.html"
"C:\Users\solve\Documents\GitHub\Repositoronomics\a","extrapolation.html"
"C:\Users\solve\Documents\GitHub\Repositoronomics\a","fabric.html"
"C:\Users\solve\Documents\GitHub\Repositoronomics\a","failover.html"
"C:\Users\solve\Documents\GitHub\Repositoronomics\a","fastethernet.html"
"C:\Users\solve\Documents\GitHub\Repositoronomics\a","faxoverip.html"
"C:\Users\solve\Documents\GitHub\Repositoronomics\a","fiberchannel.html"
"C:\Users\solve\Documents\GitHub\Repositoronomics\a","fiberoptic.html"
"C:\Users\solve\Documents\GitHub\Repositoronomics\a","fileintegritymonitoring.html"
"C:\Users\solve\Documents\GitHub\Repositoronomics\a","filetransferprotocol.html"
"C:\Users\solve\Documents\GitHub\Repositoronomics\a","firewallappliance.html"
"C:\Users\solve\Documents\GitHub\Repositoronomics\a","firewalldetection.html"
"C:\Users\solve\Documents\GitHub\Repositoronomics\a","firewallpolicy.html"
"C:\Users\solve\Documents\GitHub\Repositoronomics\a","firewallrules.html"
"C:\Users\solve\Documents\GitHub\Repositoronomics\a","firewallsandbox.html"
"C:\Users\solve\Documents\GitHub\Repositoronomics\a","firewallservice.html"
"C:\Users\solve\Documents\GitHub\Repositoronomics\a","firewalltesting.html"
"C:\Users\solve\Documents\GitHub\Repositoronomics\a","firewallvirtualization.html"
"C:\Users\solve\Documents\GitHub\Repositoronomics\a","firmware.html"
"C:\Users\solve\Documents\GitHub\Repositoronomics\a","firmwareupdate.html"
"C:\Users\solve\Documents\GitHub\Repositoronomics\a","firmwarevulnerability.html"
"C:\Users\solve\Documents\GitHub\Repositoronomics\a","fixedwireless.html"
"C:\Users\solve\Documents\GitHub\Repositoronomics\a","flowcontrol.html"
"C:\Users\solve\Documents\GitHub\Repositoronomics\b","bacillus-subtilis.html"
"C:\Users\solve\Documents\GitHub\Repositoronomics\b","back-side-bus.html"
"C:\Users\solve\Documents\GitHub\Repositoronomics\b","backend.html"
"C:\Users\solve\Documents\GitHub\Repositoronomics\b","backplane.html"
"C:\Users\solve\Documents\GitHub\Repositoronomics\b","backward-compatible.html"
"C:\Users\solve\Documents\GitHub\Repositoronomics\b","bacterial-conjugation.html"
"C:\Users\solve\Documents\GitHub\Repositoronomics\b","bacterial-endospore.html"
"C:\Users\solve\Documents\GitHub\Repositoronomics\b","bacteriocin.html"
"C:\Users\solve\Documents\GitHub\Repositoronomics\b","bacteriophage.html"
"C:\Users\solve\Documents\GitHub\Repositoronomics\b","bacteriostasis.html"
"C:\Users\solve\Documents\GitHub\Repositoronomics\b","bacterium.html"
"C:\Users\solve\Documents\GitHub\Repositoronomics\b","bank.html"
"C:\Users\solve\Documents\GitHub\Repositoronomics\b","barcode.html"
"C:\Users\solve\Documents\GitHub\Repositoronomics\b","bare-metal.html"
"C:\Users\solve\Documents\GitHub\Repositoronomics\b","barebone.html"
"C:\Users\solve\Documents\GitHub\Repositoronomics\b","basal-ganglia.html"
"C:\Users\solve\Documents\GitHub\Repositoronomics\b","base-station.html"
"C:\Users\solve\Documents\GitHub\Repositoronomics\b","basement-membrane.html"
"C:\Users\solve\Documents\GitHub\Repositoronomics\b","batch-job.html"
"C:\Users\solve\Documents\GitHub\Repositoronomics\b","bay.html"
"C:\Users\solve\Documents\GitHub\Repositoronomics\b","bayesian-programming.html"
"C:\Users\solve\Documents\GitHub\Repositoronomics\b","beagleboard.html"
"C:\Users\solve\Documents\GitHub\Repositoronomics\b","benchmark.html"
"C:\Users\solve\Documents\GitHub\Repositoronomics\b","bernoulli-drive.html"
"C:\Users\solve\Documents\GitHub\Repositoronomics\b","best-worst-average-case.html"
"C:\Users\solve\Documents\GitHub\Repositoronomics\b","beta-amyloid.html"
"C:\Users\solve\Documents\GitHub\Repositoronomics\b","beta-glucan.html"
"C:\Users\solve\Documents\GitHub\Repositoronomics\b","beta-lactam.html"
"C:\Users\solve\Documents\GitHub\Repositoronomics\b","beta-lactamase.html"
"C:\Users\solve\Documents\GitHub\Repositoronomics\b","beta-testing.html"
"C:\Users\solve\Documents\GitHub\Repositoronomics\b","big-data.html"
"C:\Users\solve\Documents\GitHub\Repositoronomics\b","big-iron.html"
"C:\Users\solve\Documents\GitHub\Repositoronomics\b","binary-distribution.html"
"C:\Users\solve\Documents\GitHub\Repositoronomics\b","binary-number.html"
"C:\Users\solve\Documents\GitHub\Repositoronomics\b","binary-search-algorithm.html"
"C:\Users\solve\Documents\GitHub\Repositoronomics\b","binary-tree.html"
"C:\Users\solve\Documents\GitHub\Repositoronomics\b","biocatalyst.html"
"C:\Users\solve\Documents\GitHub\Repositoronomics\b","biocompatibility.html"
"C:\Users\solve\Documents\GitHub\Repositoronomics\b","bioinformatics.html"
"C:\Users\solve\Documents\GitHub\Repositoronomics\b","bit-rate.html"
"C:\Users\solve\Documents\GitHub\Repositoronomics\b","black-box.html"
"C:\Users\solve\Documents\GitHub\Repositoronomics\b","black-screen.html"
"C:\Users\solve\Documents\GitHub\Repositoronomics\b","blacklist.html"
"C:\Users\solve\Documents\GitHub\Repositoronomics\b","blank-slot-cover.html"
"C:\Users\solve\Documents\GitHub\Repositoronomics\b","block-cipher.html"
"C:\Users\solve\Documents\GitHub\Repositoronomics\b","block-diagram.html"
"C:\Users\solve\Documents\GitHub\Repositoronomics\b","block-of-code.html"
"C:\Users\solve\Documents\GitHub\Repositoronomics\b","blu-ray-disc.html"
"C:\Users\solve\Documents\GitHub\Repositoronomics\b","bmp-file-format.html"
"C:\Users\solve\Documents\GitHub\Repositoronomics\b","boot-device.html"
"C:\Users\solve\Documents\GitHub\Repositoronomics\b","booting.html"
"C:\Users\solve\Documents\GitHub\Repositoronomics\b","bottleneck.html"
"C:\Users\solve\Documents\GitHub\Repositoronomics\b","bottom-up-design.html"
"C:\Users\solve\Documents\GitHub\Repositoronomics\b","braille-display.html"
"C:\Users\solve\Documents\GitHub\Repositoronomics\b","branch.html"
"C:\Users\solve\Documents\GitHub\Repositoronomics\b","bridge.html"
"C:\Users\solve\Documents\GitHub\Repositoronomics\b","brown-box.html"
"C:\Users\solve\Documents\GitHub\Repositoronomics\b","bugs.html"
"C:\Users\solve\Documents\GitHub\Repositoronomics\b","build.html"
"C:\Users\solve\Documents\GitHub\Repositoronomics\b","builtin.html"
"C:\Users\solve\Documents\GitHub\Repositoronomics\b","bus.html"
"C:\Users\solve\Documents\GitHub\Repositoronomics\b","bypass.html"
"C:\Users\solve\Documents\GitHub\Repositoronomics\b","byte.html"
"C:\Users\solve\Documents\GitHub\Repositoronomics\b","bytecode.html"
"C:\Users\solve\Documents\GitHub\Repositoronomics\b","bytestream.html"
"C:\Users\solve\Documents\GitHub\Repositoronomics\b","byteswap.html"
"C:\Users\solve\Documents\GitHub\Repositoronomics\b","bytewise.html"
"C:\Users\solve\Documents\GitHub\Repositoronomics\b","byzantine.html"
"C:\Users\solve\Documents\GitHub\Repositoronomics\b","bz2.html"
"C:\Users\solve\Documents\GitHub\Repositoronomics\c","cybersquatting.html"
"C:\Users\solve\Documents\GitHub\Repositoronomics\d","data-center.html"
